"file","caption","category","png_time","StartTime","basename","dirname","dirname2","path"
"bio1_sizeatage.png","Length at age in the beginning of the year (or season) in the ending year of the model. Shaded area indicates 95% distribution of length at age around estimated growth curve.","Bio",2017-04-19 08:41:56,"StartTime: Wed Apr 19 08:17:55 2017","bio1_sizeatage.png",".",".","./bio1_sizeatage.png"
"bio2_sizeatage_plus_CV_and_SD.png","Length at age (top-left panel) with CV (thick line) and SD (thin line) of length at age shown in top-right and lower-left panels","Bio",2017-04-19 08:41:56,"StartTime: Wed Apr 19 08:17:55 2017","bio2_sizeatage_plus_CV_and_SD.png",".",".","./bio2_sizeatage_plus_CV_and_SD.png"
"bio3_sizeatage_plus_WT_and_MAT.png","Length at age (top-left panel) with weight (thick line) and maturity (thin line) shown in top-right and lower-left panels","Bio",2017-04-19 08:41:56,"StartTime: Wed Apr 19 08:17:55 2017","bio3_sizeatage_plus_WT_and_MAT.png",".",".","./bio3_sizeatage_plus_WT_and_MAT.png"
"bio5_weightatsize.png","Weight-length relationship for females","Bio",2017-04-19 08:41:56,"StartTime: Wed Apr 19 08:17:55 2017","bio5_weightatsize.png",".",".","./bio5_weightatsize.png"
"bio6_maturity.png","Maturity at length","Bio",2017-04-19 08:41:56,"StartTime: Wed Apr 19 08:17:55 2017","bio6_maturity.png",".",".","./bio6_maturity.png"
"bio8_fecundity_wt.png","Fecundity as a function of weight","Bio",2017-04-19 08:41:56,"StartTime: Wed Apr 19 08:17:55 2017","bio8_fecundity_wt.png",".",".","./bio8_fecundity_wt.png"
"bio9_fecundity_len.png","Fecundity as a function of length","Bio",2017-04-19 08:41:56,"StartTime: Wed Apr 19 08:17:55 2017","bio9_fecundity_len.png",".",".","./bio9_fecundity_len.png"
"bio10_spawningoutput.png","Spawning output at length","Bio",2017-04-19 08:41:56,"StartTime: Wed Apr 19 08:17:55 2017","bio10_spawningoutput.png",".",".","./bio10_spawningoutput.png"
"sel01_multiple_fleets_length1.png","Selectivity at length for multiple fleets.","Sel",2017-04-19 08:41:56,"StartTime: Wed Apr 19 08:17:55 2017","sel01_multiple_fleets_length1.png",".",".","./sel01_multiple_fleets_length1.png"
"sel02_multiple_fleets_age1.png","Selectivity at age for multiple fleets.","Sel",2017-04-19 08:41:56,"StartTime: Wed Apr 19 08:17:55 2017","sel02_multiple_fleets_age1.png",".",".","./sel02_multiple_fleets_age1.png"
"sel02_multiple_fleets_age2.png","Selectivity at age derived from selectivity at length for multiple fleets.","Sel",2017-04-19 08:41:56,"StartTime: Wed Apr 19 08:17:55 2017","sel02_multiple_fleets_age2.png",".",".","./sel02_multiple_fleets_age2.png"
"sel05_timevary_ret_surf_flt1sex1.png","Surface plot of Female time-varying retention for Fishery","Sel",2017-04-19 08:41:56,"StartTime: Wed Apr 19 08:17:55 2017","sel05_timevary_ret_surf_flt1sex1.png",".",".","./sel05_timevary_ret_surf_flt1sex1.png"
"sel06_timevary_ret_contour_flt1sex1.png","Countour plot of Female time-varying retention for Fishery","Sel",2017-04-19 08:41:56,"StartTime: Wed Apr 19 08:17:55 2017","sel06_timevary_ret_contour_flt1sex1.png",".",".","./sel06_timevary_ret_contour_flt1sex1.png"
"sel09_len_flt1sex1.png","Female ending year selectivity for Fishery","Sel",2017-04-19 08:41:56,"StartTime: Wed Apr 19 08:17:55 2017","sel09_len_flt1sex1.png",".",".","./sel09_len_flt1sex1.png"
"sel05_timevary_ret_surf_flt1sex2.png","Surface plot of Male time-varying retention for Fishery","Sel",2017-04-19 08:41:56,"StartTime: Wed Apr 19 08:17:55 2017","sel05_timevary_ret_surf_flt1sex2.png",".",".","./sel05_timevary_ret_surf_flt1sex2.png"
"sel06_timevary_ret_contour_flt1sex2.png","Countour plot of Male time-varying retention for Fishery","Sel",2017-04-19 08:41:56,"StartTime: Wed Apr 19 08:17:55 2017","sel06_timevary_ret_contour_flt1sex2.png",".",".","./sel06_timevary_ret_contour_flt1sex2.png"
"sel09_len_flt1sex2.png","Male ending year selectivity for Fishery","Sel",2017-04-19 08:41:56,"StartTime: Wed Apr 19 08:17:55 2017","sel09_len_flt1sex2.png",".",".","./sel09_len_flt1sex2.png"
"sel09_len_flt2sex1.png","Female ending year selectivity for ASHOP","Sel",2017-04-19 08:41:56,"StartTime: Wed Apr 19 08:17:55 2017","sel09_len_flt2sex1.png",".",".","./sel09_len_flt2sex1.png"
"sel09_len_flt2sex2.png","Male ending year selectivity for ASHOP","Sel",2017-04-19 08:41:56,"StartTime: Wed Apr 19 08:17:55 2017","sel09_len_flt2sex2.png",".",".","./sel09_len_flt2sex2.png"
"sel09_len_flt3sex1.png","Female ending year selectivity for Foreign","Sel",2017-04-19 08:41:56,"StartTime: Wed Apr 19 08:17:55 2017","sel09_len_flt3sex1.png",".",".","./sel09_len_flt3sex1.png"
"sel09_len_flt3sex2.png","Male ending year selectivity for Foreign","Sel",2017-04-19 08:41:56,"StartTime: Wed Apr 19 08:17:55 2017","sel09_len_flt3sex2.png",".",".","./sel09_len_flt3sex2.png"
"sel09_len_flt4sex1.png","Female ending year selectivity for POP","Sel",2017-04-19 08:41:56,"StartTime: Wed Apr 19 08:17:55 2017","sel09_len_flt4sex1.png",".",".","./sel09_len_flt4sex1.png"
"sel09_len_flt4sex2.png","Male ending year selectivity for POP","Sel",2017-04-19 08:41:56,"StartTime: Wed Apr 19 08:17:55 2017","sel09_len_flt4sex2.png",".",".","./sel09_len_flt4sex2.png"
"sel09_len_flt5sex1.png","Female ending year selectivity for Triennial","Sel",2017-04-19 08:41:56,"StartTime: Wed Apr 19 08:17:55 2017","sel09_len_flt5sex1.png",".",".","./sel09_len_flt5sex1.png"
"sel09_len_flt5sex2.png","Male ending year selectivity for Triennial","Sel",2017-04-19 08:41:56,"StartTime: Wed Apr 19 08:17:55 2017","sel09_len_flt5sex2.png",".",".","./sel09_len_flt5sex2.png"
"sel09_len_flt6sex1.png","Female ending year selectivity for AFSCSlope","Sel",2017-04-19 08:41:56,"StartTime: Wed Apr 19 08:17:55 2017","sel09_len_flt6sex1.png",".",".","./sel09_len_flt6sex1.png"
"sel09_len_flt6sex2.png","Male ending year selectivity for AFSCSlope","Sel",2017-04-19 08:41:56,"StartTime: Wed Apr 19 08:17:55 2017","sel09_len_flt6sex2.png",".",".","./sel09_len_flt6sex2.png"
"sel09_len_flt7sex1.png","Female ending year selectivity for NWFSCSlope","Sel",2017-04-19 08:41:56,"StartTime: Wed Apr 19 08:17:55 2017","sel09_len_flt7sex1.png",".",".","./sel09_len_flt7sex1.png"
"sel09_len_flt7sex2.png","Male ending year selectivity for NWFSCSlope","Sel",2017-04-19 08:41:56,"StartTime: Wed Apr 19 08:17:55 2017","sel09_len_flt7sex2.png",".",".","./sel09_len_flt7sex2.png"
"sel09_len_flt8sex1.png","Female ending year selectivity for NWFSCcombo","Sel",2017-04-19 08:41:56,"StartTime: Wed Apr 19 08:17:55 2017","sel09_len_flt8sex1.png",".",".","./sel09_len_flt8sex1.png"
"sel09_len_flt8sex2.png","Male ending year selectivity for NWFSCcombo","Sel",2017-04-19 08:41:56,"StartTime: Wed Apr 19 08:17:55 2017","sel09_len_flt8sex2.png",".",".","./sel09_len_flt8sex2.png"
"sel21_agelen_contour_flt1sex1.png","Female ending year selectivity and growth for Fishery","Sel",2017-04-19 08:41:56,"StartTime: Wed Apr 19 08:17:55 2017","sel21_agelen_contour_flt1sex1.png",".",".","./sel21_agelen_contour_flt1sex1.png"
"sel21_agelen_contour_flt1sex2.png","Male ending year selectivity and growth for Fishery","Sel",2017-04-19 08:41:56,"StartTime: Wed Apr 19 08:17:55 2017","sel21_agelen_contour_flt1sex2.png",".",".","./sel21_agelen_contour_flt1sex2.png"
"sel21_agelen_contour_flt2sex1.png","Female ending year selectivity and growth for ASHOP","Sel",2017-04-19 08:41:56,"StartTime: Wed Apr 19 08:17:55 2017","sel21_agelen_contour_flt2sex1.png",".",".","./sel21_agelen_contour_flt2sex1.png"
"sel21_agelen_contour_flt2sex2.png","Male ending year selectivity and growth for ASHOP","Sel",2017-04-19 08:41:56,"StartTime: Wed Apr 19 08:17:55 2017","sel21_agelen_contour_flt2sex2.png",".",".","./sel21_agelen_contour_flt2sex2.png"
"sel21_agelen_contour_flt3sex1.png","Female ending year selectivity and growth for Foreign","Sel",2017-04-19 08:41:56,"StartTime: Wed Apr 19 08:17:55 2017","sel21_agelen_contour_flt3sex1.png",".",".","./sel21_agelen_contour_flt3sex1.png"
"sel21_agelen_contour_flt3sex2.png","Male ending year selectivity and growth for Foreign","Sel",2017-04-19 08:41:56,"StartTime: Wed Apr 19 08:17:55 2017","sel21_agelen_contour_flt3sex2.png",".",".","./sel21_agelen_contour_flt3sex2.png"
"sel21_agelen_contour_flt4sex1.png","Female ending year selectivity and growth for POP","Sel",2017-04-19 08:41:56,"StartTime: Wed Apr 19 08:17:55 2017","sel21_agelen_contour_flt4sex1.png",".",".","./sel21_agelen_contour_flt4sex1.png"
"sel21_agelen_contour_flt4sex2.png","Male ending year selectivity and growth for POP","Sel",2017-04-19 08:41:56,"StartTime: Wed Apr 19 08:17:55 2017","sel21_agelen_contour_flt4sex2.png",".",".","./sel21_agelen_contour_flt4sex2.png"
"sel21_agelen_contour_flt5sex1.png","Female ending year selectivity and growth for Triennial","Sel",2017-04-19 08:41:56,"StartTime: Wed Apr 19 08:17:55 2017","sel21_agelen_contour_flt5sex1.png",".",".","./sel21_agelen_contour_flt5sex1.png"
"sel21_agelen_contour_flt5sex2.png","Male ending year selectivity and growth for Triennial","Sel",2017-04-19 08:41:56,"StartTime: Wed Apr 19 08:17:55 2017","sel21_agelen_contour_flt5sex2.png",".",".","./sel21_agelen_contour_flt5sex2.png"
"sel21_agelen_contour_flt6sex1.png","Female ending year selectivity and growth for AFSCSlope","Sel",2017-04-19 08:41:56,"StartTime: Wed Apr 19 08:17:55 2017","sel21_agelen_contour_flt6sex1.png",".",".","./sel21_agelen_contour_flt6sex1.png"
"sel21_agelen_contour_flt6sex2.png","Male ending year selectivity and growth for AFSCSlope","Sel",2017-04-19 08:41:56,"StartTime: Wed Apr 19 08:17:55 2017","sel21_agelen_contour_flt6sex2.png",".",".","./sel21_agelen_contour_flt6sex2.png"
"sel21_agelen_contour_flt7sex1.png","Female ending year selectivity and growth for NWFSCSlope","Sel",2017-04-19 08:41:56,"StartTime: Wed Apr 19 08:17:55 2017","sel21_agelen_contour_flt7sex1.png",".",".","./sel21_agelen_contour_flt7sex1.png"
"sel21_agelen_contour_flt7sex2.png","Male ending year selectivity and growth for NWFSCSlope","Sel",2017-04-19 08:41:56,"StartTime: Wed Apr 19 08:17:55 2017","sel21_agelen_contour_flt7sex2.png",".",".","./sel21_agelen_contour_flt7sex2.png"
"sel21_agelen_contour_flt8sex1.png","Female ending year selectivity and growth for NWFSCcombo","Sel",2017-04-19 08:41:56,"StartTime: Wed Apr 19 08:17:55 2017","sel21_agelen_contour_flt8sex1.png",".",".","./sel21_agelen_contour_flt8sex1.png"
"sel21_agelen_contour_flt8sex2.png","Male ending year selectivity and growth for NWFSCcombo","Sel",2017-04-19 08:41:56,"StartTime: Wed Apr 19 08:17:55 2017","sel21_agelen_contour_flt8sex2.png",".",".","./sel21_agelen_contour_flt8sex2.png"
"ts1_Total_biomass_(mt).png","Total biomass (mt)","Timeseries",2017-04-19 08:41:56,"StartTime: Wed Apr 19 08:17:55 2017","ts1_Total_biomass_(mt).png",".",".","./ts1_Total_biomass_(mt).png"
"ts4_Summary_biomass_(mt).png","Summary biomass (mt)","Timeseries",2017-04-19 08:41:56,"StartTime: Wed Apr 19 08:17:55 2017","ts4_Summary_biomass_(mt).png",".",".","./ts4_Summary_biomass_(mt).png"
"ts7_Spawning_output.png","Spawning output","Timeseries",2017-04-19 08:41:56,"StartTime: Wed Apr 19 08:17:55 2017","ts7_Spawning_output.png",".",".","./ts7_Spawning_output.png"
"ts7_Spawning_output_with_95_asymptotic_intervals_intervals.png","Spawning output with ~95% asymptotic intervals","Timeseries",2017-04-19 08:41:56,"StartTime: Wed Apr 19 08:17:55 2017","ts7_Spawning_output_with_95_asymptotic_intervals_intervals.png",".",".","./ts7_Spawning_output_with_95_asymptotic_intervals_intervals.png"
"ts9_Spawning_depletion.png","Spawning depletion","Timeseries",2017-04-19 08:41:56,"StartTime: Wed Apr 19 08:17:55 2017","ts9_Spawning_depletion.png",".",".","./ts9_Spawning_depletion.png"
"ts9_Spawning_depletion_with_95_asymptotic_intervals_intervals.png","Spawning depletion with ~95% asymptotic intervals","Timeseries",2017-04-19 08:41:56,"StartTime: Wed Apr 19 08:17:55 2017","ts9_Spawning_depletion_with_95_asymptotic_intervals_intervals.png",".",".","./ts9_Spawning_depletion_with_95_asymptotic_intervals_intervals.png"
"ts11_Age-0_recruits_(1000s).png","Age-0 recruits (1,000s)","Timeseries",2017-04-19 08:41:56,"StartTime: Wed Apr 19 08:17:55 2017","ts11_Age-0_recruits_(1000s).png",".",".","./ts11_Age-0_recruits_(1000s).png"
"ts11_Age-0_recruits_(1000s)_with_95_asymptotic_intervals.png","Age-0 recruits (1,000s) with ~95% asymptotic intervals","Timeseries",2017-04-19 08:41:56,"StartTime: Wed Apr 19 08:17:55 2017","ts11_Age-0_recruits_(1000s)_with_95_asymptotic_intervals.png",".",".","./ts11_Age-0_recruits_(1000s)_with_95_asymptotic_intervals.png"
"ts_summaryF.png","Summary F (definition of F depends on setting in starter.ss)","Timeseries",2017-04-19 08:41:56,"StartTime: Wed Apr 19 08:17:55 2017","ts_summaryF.png",".",".","./ts_summaryF.png"
"recdevs1_points.png","Recruitment deviations","RecDev",2017-04-19 08:41:56,"StartTime: Wed Apr 19 08:17:55 2017","recdevs1_points.png",".",".","./recdevs1_points.png"
"recdevs2_withbars.png","Recruitment deviations with 95% intervals","RecDev",2017-04-19 08:41:56,"StartTime: Wed Apr 19 08:17:55 2017","recdevs2_withbars.png",".",".","./recdevs2_withbars.png"
"recdevs3_varcheck.png","Recruitment deviations variance check.<br> See later figure of transformed variance values for comparison with bias adjustment settings in the model.","RecDev",2017-04-19 08:41:56,"StartTime: Wed Apr 19 08:17:55 2017","recdevs3_varcheck.png",".",".","./recdevs3_varcheck.png"
"recruit_fit_bias_adjust.png","Points are transformed variances. Red line shows current settings forfor bias adjustment specified in control file.Blue line shows least squares estimate of alternative bias adjustmentrelationship for recruitment deviations (which may or may not be animprovement. For more information, see<br> 
<blockquote>Methot, R.D. and Taylor, I.G., 2011. Adjusting for bias due to variability of estimated recruitments in fishery assessment models. <i>Can. J. Fish. Aquat. Sci.</i>, 68:1744-1760.</blockquote><br> 
Estimated alternative inputs to SS control file associated with blue line in figure: 
<pre>1954.0   #_last_early_yr_nobias_adj_in_MPD 
1975.0   #_first_yr_fullbias_adj_in_MPD 
2001.0   #_last_yr_fullbias_adj_in_MPD 
2050.9   #_first_recent_yr_nobias_adj_in_MPD 
0.7133   #_max_bias_adj_in_MPD (1.0 to mimic pre-2009 models)   </pre>","RecDev",2017-04-19 08:41:56,"StartTime: Wed Apr 19 08:17:55 2017","recruit_fit_bias_adjust.png",".",".","./recruit_fit_bias_adjust.png"
"SR_curve.png","Spawner-recruit curve","S-R",2017-04-19 08:41:56,"StartTime: Wed Apr 19 08:17:55 2017","SR_curve.png",".",".","./SR_curve.png"
"SR_curve2.png","Spawner-recruit curve with labels on first, last, and years with (log) deviations > 0.5","S-R",2017-04-19 08:41:56,"StartTime: Wed Apr 19 08:17:55 2017","SR_curve2.png",".",".","./SR_curve2.png"
"catch1 landings.png","landings","Catch",2017-04-19 08:41:56,"StartTime: Wed Apr 19 08:17:55 2017","catch1 landings.png",".",".","./catch1 landings.png"
"catch2 landings stacked.png","landings stacked","Catch",2017-04-19 08:41:56,"StartTime: Wed Apr 19 08:17:55 2017","catch2 landings stacked.png",".",".","./catch2 landings stacked.png"
"catch4 total catch (including discards).png","total catch (including discards)","Catch",2017-04-19 08:41:56,"StartTime: Wed Apr 19 08:17:55 2017","catch4 total catch (including discards).png",".",".","./catch4 total catch (including discards).png"
"catch5 total catch (including discards) stacked.png","total catch (including discards) stacked","Catch",2017-04-19 08:41:56,"StartTime: Wed Apr 19 08:17:55 2017","catch5 total catch (including discards) stacked.png",".",".","./catch5 total catch (including discards) stacked.png"
"catch6 discards.png","discards","Catch",2017-04-19 08:41:56,"StartTime: Wed Apr 19 08:17:55 2017","catch6 discards.png",".",".","./catch6 discards.png"
"catch7 discards stacked plot (depends on multiple fleets).png","discards stacked plot (depends on multiple fleets)","Catch",2017-04-19 08:41:56,"StartTime: Wed Apr 19 08:17:55 2017","catch7 discards stacked plot (depends on multiple fleets).png",".",".","./catch7 discards stacked plot (depends on multiple fleets).png"
"catch8 discard fraction.png","discard fraction","Catch",2017-04-19 08:41:56,"StartTime: Wed Apr 19 08:17:55 2017","catch8 discard fraction.png",".",".","./catch8 discard fraction.png"
"catch9 harvest rate.png","harvest rate","Catch",2017-04-19 08:41:56,"StartTime: Wed Apr 19 08:17:55 2017","catch9 harvest rate.png",".",".","./catch9 harvest rate.png"
"SPR1_series.png","Timeseries of SPR","SPR",2017-04-19 08:41:56,"StartTime: Wed Apr 19 08:17:55 2017","SPR1_series.png",".",".","./SPR1_series.png"
"SPR2_minusSPRseries.png","Timeseries of 1-SPR","SPR",2017-04-19 08:41:56,"StartTime: Wed Apr 19 08:17:55 2017","SPR2_minusSPRseries.png",".",".","./SPR2_minusSPRseries.png"
"SPR3_ratiointerval.png","Timeseries of SPR ratio","SPR",2017-04-19 08:41:56,"StartTime: Wed Apr 19 08:17:55 2017","SPR3_ratiointerval.png",".",".","./SPR3_ratiointerval.png"
"SPR4_phase.png","Phase plot of biomass ratio vs. SPR ratio","SPR",2017-04-19 08:41:56,"StartTime: Wed Apr 19 08:17:55 2017","SPR4_phase.png",".",".","./SPR4_phase.png"
"discard_dataFishery.png","Discard fraction for Fishery","Discard",2017-04-19 08:41:56,"StartTime: Wed Apr 19 08:17:55 2017","discard_dataFishery.png",".",".","./discard_dataFishery.png"
"discard_dataFishery.png","Discard fraction for Fishery","Discard",2017-04-19 08:41:56,"StartTime: Wed Apr 19 08:17:55 2017","discard_dataFishery.png",".",".","./discard_dataFishery.png"
"index1_cpuedata_Fishery.png","Index data for Fishery. Lines indicate 95% uncertainty interval around index values. Thicker lines (if present) indicate input uncertainty before addition of estimated additional uncertainty parameter.","Index",2017-04-19 08:41:56,"StartTime: Wed Apr 19 08:17:55 2017","index1_cpuedata_Fishery.png",".",".","./index1_cpuedata_Fishery.png"
"index2_cpuefit_Fishery.png","Fit to index data for Fishery. Lines indicate 95% uncertainty interval around index values. Thicker lines (if present) indicate input uncertainty before addition of estimated additional uncertainty parameter.","Index",2017-04-19 08:41:56,"StartTime: Wed Apr 19 08:17:55 2017","index2_cpuefit_Fishery.png",".",".","./index2_cpuefit_Fishery.png"
"index3_cpuecheck_Fishery.png","Observed vs. expected index values with smoother for Fishery","Index",2017-04-19 08:41:56,"StartTime: Wed Apr 19 08:17:55 2017","index3_cpuecheck_Fishery.png",".",".","./index3_cpuecheck_Fishery.png"
"index4_logcpuedata_Fishery.png","Log index data for Fishery. Lines indicate 95% uncertainty interval around index values. Thicker lines (if present) indicate input uncertainty before addition of estimated additional uncertainty parameter.","Index",2017-04-19 08:41:56,"StartTime: Wed Apr 19 08:17:55 2017","index4_logcpuedata_Fishery.png",".",".","./index4_logcpuedata_Fishery.png"
"index5_logcpuefit_Fishery.png","Fit to log index data on log scale for Fishery. Lines indicate 95% uncertainty interval around index values. Thicker lines (if present) indicate input uncertainty before addition of estimated additional uncertainty parameter.","Index",2017-04-19 08:41:56,"StartTime: Wed Apr 19 08:17:55 2017","index5_logcpuefit_Fishery.png",".",".","./index5_logcpuefit_Fishery.png"
"index6_logcpuecheck_Fishery.png","log(observed) vs. log(expected) index values with smoother for Fishery","Index",2017-04-19 08:41:56,"StartTime: Wed Apr 19 08:17:55 2017","index6_logcpuecheck_Fishery.png",".",".","./index6_logcpuecheck_Fishery.png"
"index1_cpuedata_POP.png","Index data for POP. Lines indicate 95% uncertainty interval around index values. Thicker lines (if present) indicate input uncertainty before addition of estimated additional uncertainty parameter.","Index",2017-04-19 08:41:56,"StartTime: Wed Apr 19 08:17:55 2017","index1_cpuedata_POP.png",".",".","./index1_cpuedata_POP.png"
"index2_cpuefit_POP.png","Fit to index data for POP. Lines indicate 95% uncertainty interval around index values. Thicker lines (if present) indicate input uncertainty before addition of estimated additional uncertainty parameter.","Index",2017-04-19 08:41:56,"StartTime: Wed Apr 19 08:17:55 2017","index2_cpuefit_POP.png",".",".","./index2_cpuefit_POP.png"
"index3_cpuecheck_POP.png","Observed vs. expected index values with smoother for POP","Index",2017-04-19 08:41:56,"StartTime: Wed Apr 19 08:17:55 2017","index3_cpuecheck_POP.png",".",".","./index3_cpuecheck_POP.png"
"index4_logcpuedata_POP.png","Log index data for POP. Lines indicate 95% uncertainty interval around index values. Thicker lines (if present) indicate input uncertainty before addition of estimated additional uncertainty parameter.","Index",2017-04-19 08:41:56,"StartTime: Wed Apr 19 08:17:55 2017","index4_logcpuedata_POP.png",".",".","./index4_logcpuedata_POP.png"
"index5_logcpuefit_POP.png","Fit to log index data on log scale for POP. Lines indicate 95% uncertainty interval around index values. Thicker lines (if present) indicate input uncertainty before addition of estimated additional uncertainty parameter.","Index",2017-04-19 08:41:56,"StartTime: Wed Apr 19 08:17:55 2017","index5_logcpuefit_POP.png",".",".","./index5_logcpuefit_POP.png"
"index6_logcpuecheck_POP.png","log(observed) vs. log(expected) index values with smoother for POP","Index",2017-04-19 08:41:56,"StartTime: Wed Apr 19 08:17:55 2017","index6_logcpuecheck_POP.png",".",".","./index6_logcpuecheck_POP.png"
"index1_cpuedata_Triennial.png","Index data for Triennial. Lines indicate 95% uncertainty interval around index values. Thicker lines (if present) indicate input uncertainty before addition of estimated additional uncertainty parameter.","Index",2017-04-19 08:41:56,"StartTime: Wed Apr 19 08:17:55 2017","index1_cpuedata_Triennial.png",".",".","./index1_cpuedata_Triennial.png"
"index2_cpuefit_Triennial.png","Fit to index data for Triennial. Lines indicate 95% uncertainty interval around index values. Thicker lines (if present) indicate input uncertainty before addition of estimated additional uncertainty parameter.","Index",2017-04-19 08:41:56,"StartTime: Wed Apr 19 08:17:55 2017","index2_cpuefit_Triennial.png",".",".","./index2_cpuefit_Triennial.png"
"index3_cpuecheck_Triennial.png","Observed vs. expected index values with smoother for Triennial","Index",2017-04-19 08:41:56,"StartTime: Wed Apr 19 08:17:55 2017","index3_cpuecheck_Triennial.png",".",".","./index3_cpuecheck_Triennial.png"
"index4_logcpuedata_Triennial.png","Log index data for Triennial. Lines indicate 95% uncertainty interval around index values. Thicker lines (if present) indicate input uncertainty before addition of estimated additional uncertainty parameter.","Index",2017-04-19 08:41:56,"StartTime: Wed Apr 19 08:17:55 2017","index4_logcpuedata_Triennial.png",".",".","./index4_logcpuedata_Triennial.png"
"index5_logcpuefit_Triennial.png","Fit to log index data on log scale for Triennial. Lines indicate 95% uncertainty interval around index values. Thicker lines (if present) indicate input uncertainty before addition of estimated additional uncertainty parameter.","Index",2017-04-19 08:41:56,"StartTime: Wed Apr 19 08:17:55 2017","index5_logcpuefit_Triennial.png",".",".","./index5_logcpuefit_Triennial.png"
"index6_logcpuecheck_Triennial.png","log(observed) vs. log(expected) index values with smoother for Triennial","Index",2017-04-19 08:41:56,"StartTime: Wed Apr 19 08:17:55 2017","index6_logcpuecheck_Triennial.png",".",".","./index6_logcpuecheck_Triennial.png"
"index1_cpuedata_AFSCSlope.png","Index data for AFSCSlope. Lines indicate 95% uncertainty interval around index values. Thicker lines (if present) indicate input uncertainty before addition of estimated additional uncertainty parameter.","Index",2017-04-19 08:41:56,"StartTime: Wed Apr 19 08:17:55 2017","index1_cpuedata_AFSCSlope.png",".",".","./index1_cpuedata_AFSCSlope.png"
"index2_cpuefit_AFSCSlope.png","Fit to index data for AFSCSlope. Lines indicate 95% uncertainty interval around index values. Thicker lines (if present) indicate input uncertainty before addition of estimated additional uncertainty parameter.","Index",2017-04-19 08:41:56,"StartTime: Wed Apr 19 08:17:55 2017","index2_cpuefit_AFSCSlope.png",".",".","./index2_cpuefit_AFSCSlope.png"
"index3_cpuecheck_AFSCSlope.png","Observed vs. expected index values with smoother for AFSCSlope","Index",2017-04-19 08:41:56,"StartTime: Wed Apr 19 08:17:55 2017","index3_cpuecheck_AFSCSlope.png",".",".","./index3_cpuecheck_AFSCSlope.png"
"index4_logcpuedata_AFSCSlope.png","Log index data for AFSCSlope. Lines indicate 95% uncertainty interval around index values. Thicker lines (if present) indicate input uncertainty before addition of estimated additional uncertainty parameter.","Index",2017-04-19 08:41:56,"StartTime: Wed Apr 19 08:17:55 2017","index4_logcpuedata_AFSCSlope.png",".",".","./index4_logcpuedata_AFSCSlope.png"
"index5_logcpuefit_AFSCSlope.png","Fit to log index data on log scale for AFSCSlope. Lines indicate 95% uncertainty interval around index values. Thicker lines (if present) indicate input uncertainty before addition of estimated additional uncertainty parameter.","Index",2017-04-19 08:41:56,"StartTime: Wed Apr 19 08:17:55 2017","index5_logcpuefit_AFSCSlope.png",".",".","./index5_logcpuefit_AFSCSlope.png"
"index6_logcpuecheck_AFSCSlope.png","log(observed) vs. log(expected) index values with smoother for AFSCSlope","Index",2017-04-19 08:41:56,"StartTime: Wed Apr 19 08:17:55 2017","index6_logcpuecheck_AFSCSlope.png",".",".","./index6_logcpuecheck_AFSCSlope.png"
"index1_cpuedata_NWFSCSlope.png","Index data for NWFSCSlope. Lines indicate 95% uncertainty interval around index values. Thicker lines (if present) indicate input uncertainty before addition of estimated additional uncertainty parameter.","Index",2017-04-19 08:41:56,"StartTime: Wed Apr 19 08:17:55 2017","index1_cpuedata_NWFSCSlope.png",".",".","./index1_cpuedata_NWFSCSlope.png"
"index2_cpuefit_NWFSCSlope.png","Fit to index data for NWFSCSlope. Lines indicate 95% uncertainty interval around index values. Thicker lines (if present) indicate input uncertainty before addition of estimated additional uncertainty parameter.","Index",2017-04-19 08:41:56,"StartTime: Wed Apr 19 08:17:55 2017","index2_cpuefit_NWFSCSlope.png",".",".","./index2_cpuefit_NWFSCSlope.png"
"index3_cpuecheck_NWFSCSlope.png","Observed vs. expected index values with smoother for NWFSCSlope","Index",2017-04-19 08:41:56,"StartTime: Wed Apr 19 08:17:55 2017","index3_cpuecheck_NWFSCSlope.png",".",".","./index3_cpuecheck_NWFSCSlope.png"
"index4_logcpuedata_NWFSCSlope.png","Log index data for NWFSCSlope. Lines indicate 95% uncertainty interval around index values. Thicker lines (if present) indicate input uncertainty before addition of estimated additional uncertainty parameter.","Index",2017-04-19 08:41:56,"StartTime: Wed Apr 19 08:17:55 2017","index4_logcpuedata_NWFSCSlope.png",".",".","./index4_logcpuedata_NWFSCSlope.png"
"index5_logcpuefit_NWFSCSlope.png","Fit to log index data on log scale for NWFSCSlope. Lines indicate 95% uncertainty interval around index values. Thicker lines (if present) indicate input uncertainty before addition of estimated additional uncertainty parameter.","Index",2017-04-19 08:41:56,"StartTime: Wed Apr 19 08:17:55 2017","index5_logcpuefit_NWFSCSlope.png",".",".","./index5_logcpuefit_NWFSCSlope.png"
"index6_logcpuecheck_NWFSCSlope.png","log(observed) vs. log(expected) index values with smoother for NWFSCSlope","Index",2017-04-19 08:41:56,"StartTime: Wed Apr 19 08:17:55 2017","index6_logcpuecheck_NWFSCSlope.png",".",".","./index6_logcpuecheck_NWFSCSlope.png"
"index1_cpuedata_NWFSCcombo.png","Index data for NWFSCcombo. Lines indicate 95% uncertainty interval around index values. Thicker lines (if present) indicate input uncertainty before addition of estimated additional uncertainty parameter.","Index",2017-04-19 08:41:56,"StartTime: Wed Apr 19 08:17:55 2017","index1_cpuedata_NWFSCcombo.png",".",".","./index1_cpuedata_NWFSCcombo.png"
"index2_cpuefit_NWFSCcombo.png","Fit to index data for NWFSCcombo. Lines indicate 95% uncertainty interval around index values. Thicker lines (if present) indicate input uncertainty before addition of estimated additional uncertainty parameter.","Index",2017-04-19 08:41:56,"StartTime: Wed Apr 19 08:17:55 2017","index2_cpuefit_NWFSCcombo.png",".",".","./index2_cpuefit_NWFSCcombo.png"
"index3_cpuecheck_NWFSCcombo.png","Observed vs. expected index values with smoother for NWFSCcombo","Index",2017-04-19 08:41:56,"StartTime: Wed Apr 19 08:17:55 2017","index3_cpuecheck_NWFSCcombo.png",".",".","./index3_cpuecheck_NWFSCcombo.png"
"index4_logcpuedata_NWFSCcombo.png","Log index data for NWFSCcombo. Lines indicate 95% uncertainty interval around index values. Thicker lines (if present) indicate input uncertainty before addition of estimated additional uncertainty parameter.","Index",2017-04-19 08:41:56,"StartTime: Wed Apr 19 08:17:55 2017","index4_logcpuedata_NWFSCcombo.png",".",".","./index4_logcpuedata_NWFSCcombo.png"
"index5_logcpuefit_NWFSCcombo.png","Fit to log index data on log scale for NWFSCcombo. Lines indicate 95% uncertainty interval around index values. Thicker lines (if present) indicate input uncertainty before addition of estimated additional uncertainty parameter.","Index",2017-04-19 08:41:56,"StartTime: Wed Apr 19 08:17:55 2017","index5_logcpuefit_NWFSCcombo.png",".",".","./index5_logcpuefit_NWFSCcombo.png"
"index6_logcpuecheck_NWFSCcombo.png","log(observed) vs. log(expected) index values with smoother for NWFSCcombo","Index",2017-04-19 08:41:56,"StartTime: Wed Apr 19 08:17:55 2017","index6_logcpuecheck_NWFSCcombo.png",".",".","./index6_logcpuecheck_NWFSCcombo.png"
"index9_standcpueall.png","Standardized indices overlaid","Index",2017-04-19 08:41:56,"StartTime: Wed Apr 19 08:17:55 2017","index9_standcpueall.png",".",".","./index9_standcpueall.png"
"comp_lendat_flt1mkt1.png","length comp data, discard, Fishery","CompDat",2017-04-19 08:41:56,"StartTime: Wed Apr 19 08:17:55 2017","comp_lendat_flt1mkt1.png",".",".","./comp_lendat_flt1mkt1.png"
"comp_lendat_bubflt1mkt1.png","length comp data, discard, Fishery (max=0.27)","CompDat",2017-04-19 08:41:56,"StartTime: Wed Apr 19 08:17:55 2017","comp_lendat_bubflt1mkt1.png",".",".","./comp_lendat_bubflt1mkt1.png"
"comp_lendat_data_weighting_TA1.8_Fishery.png","Francis data weighting method TA1.8 Fishery <br> Suggested sample size adjustment (with 95% interval) for len data from Fishery:<br>0.8226 (0.5477-1.6032)","CompDat",2017-04-19 08:41:56,"StartTime: Wed Apr 19 08:17:55 2017","comp_lendat_data_weighting_TA1.8_Fishery.png",".",".","./comp_lendat_data_weighting_TA1.8_Fishery.png"
"comp_lendat_flt1mkt2_page1.png","length comp data, retained, Fishery (plot 1 of 2)","CompDat",2017-04-19 08:41:56,"StartTime: Wed Apr 19 08:17:55 2017","comp_lendat_flt1mkt2_page1.png",".",".","./comp_lendat_flt1mkt2_page1.png"
"comp_lendat_flt1mkt2_page2.png","length comp data, retained, Fishery (plot 2 of 2)","CompDat",2017-04-19 08:41:56,"StartTime: Wed Apr 19 08:17:55 2017","comp_lendat_flt1mkt2_page2.png",".",".","./comp_lendat_flt1mkt2_page2.png"
"comp_lendat_bubflt1mkt2_page2.png","length comp data, retained, Fishery (max=0.11) (plot 2 of 2)","CompDat",2017-04-19 08:41:56,"StartTime: Wed Apr 19 08:17:55 2017","comp_lendat_bubflt1mkt2_page2.png",".",".","./comp_lendat_bubflt1mkt2_page2.png"
"comp_lendat_data_weighting_TA1.8_Fishery.png","Francis data weighting method TA1.8 Fishery <br> Suggested sample size adjustment (with 95% interval) for len data from Fishery:<br>0.8226 (0.5368-1.533)","CompDat",2017-04-19 08:41:56,"StartTime: Wed Apr 19 08:17:55 2017","comp_lendat_data_weighting_TA1.8_Fishery.png",".",".","./comp_lendat_data_weighting_TA1.8_Fishery.png"
"comp_lendat_flt2mkt0.png","length comp data, whole catch, ASHOP","CompDat",2017-04-19 08:41:56,"StartTime: Wed Apr 19 08:17:55 2017","comp_lendat_flt2mkt0.png",".",".","./comp_lendat_flt2mkt0.png"
"comp_lendat_bubflt2mkt0.png","length comp data, whole catch, ASHOP (max=0.97)","CompDat",2017-04-19 08:41:56,"StartTime: Wed Apr 19 08:17:55 2017","comp_lendat_bubflt2mkt0.png",".",".","./comp_lendat_bubflt2mkt0.png"
"comp_lendat_data_weighting_TA1.8_ASHOP.png","Francis data weighting method TA1.8 ASHOP <br> Suggested sample size adjustment (with 95% interval) for len data from ASHOP:<br>0.7174 (0.4308-1.9248)","CompDat",2017-04-19 08:41:56,"StartTime: Wed Apr 19 08:17:55 2017","comp_lendat_data_weighting_TA1.8_ASHOP.png",".",".","./comp_lendat_data_weighting_TA1.8_ASHOP.png"
"comp_lendat_flt4mkt0.png","length comp data, whole catch, POP","CompDat",2017-04-19 08:41:56,"StartTime: Wed Apr 19 08:17:55 2017","comp_lendat_flt4mkt0.png",".",".","./comp_lendat_flt4mkt0.png"
"comp_lendat_bubflt4mkt0.png","length comp data, whole catch, POP (max=0.05)","CompDat",2017-04-19 08:41:56,"StartTime: Wed Apr 19 08:17:55 2017","comp_lendat_bubflt4mkt0.png",".",".","./comp_lendat_bubflt4mkt0.png"
"comp_lendat_data_weighting_TA1.8_POP.png","Francis data weighting method TA1.8 POP <br> Suggested sample size adjustment (with 95% interval) for len data from POP:<br>10.9217 (10.9217-Inf)","CompDat",2017-04-19 08:41:56,"StartTime: Wed Apr 19 08:17:55 2017","comp_lendat_data_weighting_TA1.8_POP.png",".",".","./comp_lendat_data_weighting_TA1.8_POP.png"
"comp_lendat_flt5mkt0.png","length comp data, whole catch, Triennial","CompDat",2017-04-19 08:41:56,"StartTime: Wed Apr 19 08:17:55 2017","comp_lendat_flt5mkt0.png",".",".","./comp_lendat_flt5mkt0.png"
"comp_lendat_bubflt5mkt0.png","length comp data, whole catch, Triennial (max=0.11)","CompDat",2017-04-19 08:41:56,"StartTime: Wed Apr 19 08:17:55 2017","comp_lendat_bubflt5mkt0.png",".",".","./comp_lendat_bubflt5mkt0.png"
"comp_lendat_data_weighting_TA1.8_Triennial.png","Francis data weighting method TA1.8 Triennial <br> Suggested sample size adjustment (with 95% interval) for len data from Triennial:<br>0.7386 (0.4094-7.2579)","CompDat",2017-04-19 08:41:56,"StartTime: Wed Apr 19 08:17:55 2017","comp_lendat_data_weighting_TA1.8_Triennial.png",".",".","./comp_lendat_data_weighting_TA1.8_Triennial.png"
"comp_lendat_flt6mkt0.png","length comp data, whole catch, AFSCSlope","CompDat",2017-04-19 08:41:56,"StartTime: Wed Apr 19 08:17:55 2017","comp_lendat_flt6mkt0.png",".",".","./comp_lendat_flt6mkt0.png"
"comp_lendat_bubflt6mkt0.png","length comp data, whole catch, AFSCSlope (max=0.14)","CompDat",2017-04-19 08:41:56,"StartTime: Wed Apr 19 08:17:55 2017","comp_lendat_bubflt6mkt0.png",".",".","./comp_lendat_bubflt6mkt0.png"
"comp_lendat_data_weighting_TA1.8_AFSCSlope.png","Francis data weighting method TA1.8 AFSCSlope <br> Suggested sample size adjustment (with 95% interval) for len data from AFSCSlope:<br>0.8621 (0.6129-72.2553)","CompDat",2017-04-19 08:41:56,"StartTime: Wed Apr 19 08:17:55 2017","comp_lendat_data_weighting_TA1.8_AFSCSlope.png",".",".","./comp_lendat_data_weighting_TA1.8_AFSCSlope.png"
"comp_lendat_flt7mkt0.png","length comp data, whole catch, NWFSCSlope","CompDat",2017-04-19 08:41:56,"StartTime: Wed Apr 19 08:17:55 2017","comp_lendat_flt7mkt0.png",".",".","./comp_lendat_flt7mkt0.png"
"comp_lendat_bubflt7mkt0.png","length comp data, whole catch, NWFSCSlope (max=0.25)","CompDat",2017-04-19 08:41:56,"StartTime: Wed Apr 19 08:17:55 2017","comp_lendat_bubflt7mkt0.png",".",".","./comp_lendat_bubflt7mkt0.png"
"comp_lendat_data_weighting_TA1.8_NWFSCSlope.png","Francis data weighting method TA1.8 NWFSCSlope <br> Suggested sample size adjustment (with 95% interval) for len data from NWFSCSlope:<br>0.9478 (0.9478-Inf)","CompDat",2017-04-19 08:41:56,"StartTime: Wed Apr 19 08:17:55 2017","comp_lendat_data_weighting_TA1.8_NWFSCSlope.png",".",".","./comp_lendat_data_weighting_TA1.8_NWFSCSlope.png"
"comp_lendat_flt8mkt0.png","length comp data, whole catch, NWFSCcombo","CompDat",2017-04-19 08:41:56,"StartTime: Wed Apr 19 08:17:55 2017","comp_lendat_flt8mkt0.png",".",".","./comp_lendat_flt8mkt0.png"
"comp_lendat_bubflt8mkt0.png","length comp data, whole catch, NWFSCcombo (max=0.16)","CompDat",2017-04-19 08:41:56,"StartTime: Wed Apr 19 08:17:55 2017","comp_lendat_bubflt8mkt0.png",".",".","./comp_lendat_bubflt8mkt0.png"
"comp_lendat_data_weighting_TA1.8_NWFSCcombo.png","Francis data weighting method TA1.8 NWFSCcombo <br> Suggested sample size adjustment (with 95% interval) for len data from NWFSCcombo:<br>0.707 (0.4245-3.6439)","CompDat",2017-04-19 08:41:56,"StartTime: Wed Apr 19 08:17:55 2017","comp_lendat_data_weighting_TA1.8_NWFSCcombo.png",".",".","./comp_lendat_data_weighting_TA1.8_NWFSCcombo.png"
"comp_lendat_mkt1_aggregated_across_time.png","length comp data, discard, aggregated across time by fleet","CompDat",2017-04-19 08:41:56,"StartTime: Wed Apr 19 08:17:55 2017","comp_lendat_mkt1_aggregated_across_time.png",".",".","./comp_lendat_mkt1_aggregated_across_time.png"
"comp_lendat_mkt2_aggregated_across_time.png","length comp data, retained, aggregated across time by fleet","CompDat",2017-04-19 08:41:56,"StartTime: Wed Apr 19 08:17:55 2017","comp_lendat_mkt2_aggregated_across_time.png",".",".","./comp_lendat_mkt2_aggregated_across_time.png"
"comp_lendat_mkt0_aggregated_across_time.png","length comp data, whole catch, aggregated across time by fleet","CompDat",2017-04-19 08:41:56,"StartTime: Wed Apr 19 08:17:55 2017","comp_lendat_mkt0_aggregated_across_time.png",".",".","./comp_lendat_mkt0_aggregated_across_time.png"
"comp_lendat_sex1mkt1_multi-fleet_comparison.png","Note: this plot doesn't seem to be working right for some models.<br><br> length comp data, sexes combined, discard, comparing across fleets","CompDat",2017-04-19 08:41:56,"StartTime: Wed Apr 19 08:17:55 2017","comp_lendat_sex1mkt1_multi-fleet_comparison.png",".",".","./comp_lendat_sex1mkt1_multi-fleet_comparison.png"
"comp_lendat_sex1mkt0_multi-fleet_comparison.png","Note: this plot doesn't seem to be working right for some models.<br><br> length comp data, sexes combined, whole catch, comparing across fleets","CompDat",2017-04-19 08:41:56,"StartTime: Wed Apr 19 08:17:55 2017","comp_lendat_sex1mkt0_multi-fleet_comparison.png",".",".","./comp_lendat_sex1mkt0_multi-fleet_comparison.png"
"comp_lendat_sex2mkt1_multi-fleet_comparison.png","Note: this plot doesn't seem to be working right for some models.<br><br> length comp data, female, discard, comparing across fleets","CompDat",2017-04-19 08:41:56,"StartTime: Wed Apr 19 08:17:55 2017","comp_lendat_sex2mkt1_multi-fleet_comparison.png",".",".","./comp_lendat_sex2mkt1_multi-fleet_comparison.png"
"comp_lendat_sex2mkt2_multi-fleet_comparison.png","Note: this plot doesn't seem to be working right for some models.<br><br> length comp data, female, retained, comparing across fleets","CompDat",2017-04-19 08:41:56,"StartTime: Wed Apr 19 08:17:55 2017","comp_lendat_sex2mkt2_multi-fleet_comparison.png",".",".","./comp_lendat_sex2mkt2_multi-fleet_comparison.png"
"comp_lendat_sex2mkt0_multi-fleet_comparison.png","Note: this plot doesn't seem to be working right for some models.<br><br> length comp data, female, whole catch, comparing across fleets","CompDat",2017-04-19 08:41:56,"StartTime: Wed Apr 19 08:17:55 2017","comp_lendat_sex2mkt0_multi-fleet_comparison.png",".",".","./comp_lendat_sex2mkt0_multi-fleet_comparison.png"
"comp_lendat_sex3mkt1_multi-fleet_comparison.png","Note: this plot doesn't seem to be working right for some models.<br><br> length comp data, male, discard, comparing across fleets","CompDat",2017-04-19 08:41:56,"StartTime: Wed Apr 19 08:17:55 2017","comp_lendat_sex3mkt1_multi-fleet_comparison.png",".",".","./comp_lendat_sex3mkt1_multi-fleet_comparison.png"
"comp_lendat_sex3mkt2_multi-fleet_comparison.png","Note: this plot doesn't seem to be working right for some models.<br><br> length comp data, male, retained, comparing across fleets","CompDat",2017-04-19 08:41:56,"StartTime: Wed Apr 19 08:17:55 2017","comp_lendat_sex3mkt2_multi-fleet_comparison.png",".",".","./comp_lendat_sex3mkt2_multi-fleet_comparison.png"
"comp_lendat_sex3mkt0_multi-fleet_comparison.png","Note: this plot doesn't seem to be working right for some models.<br><br> length comp data, male, whole catch, comparing across fleets","CompDat",2017-04-19 08:41:56,"StartTime: Wed Apr 19 08:17:55 2017","comp_lendat_sex3mkt0_multi-fleet_comparison.png",".",".","./comp_lendat_sex3mkt0_multi-fleet_comparison.png"
"comp_agedat_flt1mkt0.png","age comp data, whole catch, Fishery","CompDat",2017-04-19 08:41:56,"StartTime: Wed Apr 19 08:17:55 2017","comp_agedat_flt1mkt0.png",".",".","./comp_agedat_flt1mkt0.png"
"comp_agedat_bubflt1mkt0.png","age comp data, whole catch, Fishery (max=0.11)","CompDat",2017-04-19 08:41:56,"StartTime: Wed Apr 19 08:17:55 2017","comp_agedat_bubflt1mkt0.png",".",".","./comp_agedat_bubflt1mkt0.png"
"comp_agedat_data_weighting_TA1.8_Fishery.png","Francis data weighting method TA1.8 Fishery <br> Suggested sample size adjustment (with 95% interval) for age data from Fishery:<br>1.0816 (0.7322-2.3226)","CompDat",2017-04-19 08:41:56,"StartTime: Wed Apr 19 08:17:55 2017","comp_agedat_data_weighting_TA1.8_Fishery.png",".",".","./comp_agedat_data_weighting_TA1.8_Fishery.png"
"comp_agedat_flt2mkt0.png","age comp data, whole catch, ASHOP","CompDat",2017-04-19 08:41:56,"StartTime: Wed Apr 19 08:17:55 2017","comp_agedat_flt2mkt0.png",".",".","./comp_agedat_flt2mkt0.png"
"comp_agedat_bubflt2mkt0.png","age comp data, whole catch, ASHOP (max=0.23)","CompDat",2017-04-19 08:41:56,"StartTime: Wed Apr 19 08:17:55 2017","comp_agedat_bubflt2mkt0.png",".",".","./comp_agedat_bubflt2mkt0.png"
"comp_agedat_data_weighting_TA1.8_ASHOP.png","Francis data weighting method TA1.8 ASHOP <br> Suggested sample size adjustment (with 95% interval) for age data from ASHOP:<br>1.0207 (0.6011-6.3105)","CompDat",2017-04-19 08:41:56,"StartTime: Wed Apr 19 08:17:55 2017","comp_agedat_data_weighting_TA1.8_ASHOP.png",".",".","./comp_agedat_data_weighting_TA1.8_ASHOP.png"
"comp_agedat_flt4mkt2.png","age comp data, retained, POP","CompDat",2017-04-19 08:41:56,"StartTime: Wed Apr 19 08:17:55 2017","comp_agedat_flt4mkt2.png",".",".","./comp_agedat_flt4mkt2.png"
"comp_agedat_bubflt4mkt2.png","age comp data, retained, POP (max=0.09)","CompDat",2017-04-19 08:41:56,"StartTime: Wed Apr 19 08:17:55 2017","comp_agedat_bubflt4mkt2.png",".",".","./comp_agedat_bubflt4mkt2.png"
"comp_agedat_data_weighting_TA1.8_POP.png","Francis data weighting method TA1.8 POP <br> Too few points to calculate adjustments","CompDat",2017-04-19 08:41:56,"StartTime: Wed Apr 19 08:17:55 2017","comp_agedat_data_weighting_TA1.8_POP.png",".",".","./comp_agedat_data_weighting_TA1.8_POP.png"
"comp_agedat_flt5mkt0.png","age comp data, whole catch, Triennial","CompDat",2017-04-19 08:41:56,"StartTime: Wed Apr 19 08:17:55 2017","comp_agedat_flt5mkt0.png",".",".","./comp_agedat_flt5mkt0.png"
"comp_agedat_bubflt5mkt0.png","age comp data, whole catch, Triennial (max=0.2)","CompDat",2017-04-19 08:41:56,"StartTime: Wed Apr 19 08:17:55 2017","comp_agedat_bubflt5mkt0.png",".",".","./comp_agedat_bubflt5mkt0.png"
"comp_agedat_data_weighting_TA1.8_Triennial.png","Francis data weighting method TA1.8 Triennial <br> Suggested sample size adjustment (with 95% interval) for age data from Triennial:<br>0.8344 (0.5736-4.477)","CompDat",2017-04-19 08:41:56,"StartTime: Wed Apr 19 08:17:55 2017","comp_agedat_data_weighting_TA1.8_Triennial.png",".",".","./comp_agedat_data_weighting_TA1.8_Triennial.png"
"comp_agedat_flt7mkt0.png","age comp data, whole catch, NWFSCSlope","CompDat",2017-04-19 08:41:56,"StartTime: Wed Apr 19 08:17:55 2017","comp_agedat_flt7mkt0.png",".",".","./comp_agedat_flt7mkt0.png"
"comp_agedat_bubflt7mkt0.png","age comp data, whole catch, NWFSCSlope (max=0.08)","CompDat",2017-04-19 08:41:56,"StartTime: Wed Apr 19 08:17:55 2017","comp_agedat_bubflt7mkt0.png",".",".","./comp_agedat_bubflt7mkt0.png"
"comp_agedat_data_weighting_TA1.8_NWFSCSlope.png","Francis data weighting method TA1.8 NWFSCSlope <br> Suggested sample size adjustment (with 95% interval) for age data from NWFSCSlope:<br>0.9158 (0.9158-Inf)","CompDat",2017-04-19 08:41:56,"StartTime: Wed Apr 19 08:17:55 2017","comp_agedat_data_weighting_TA1.8_NWFSCSlope.png",".",".","./comp_agedat_data_weighting_TA1.8_NWFSCSlope.png"
"comp_agedat_mkt0_aggregated_across_time.png","age comp data, whole catch, aggregated across time by fleet","CompDat",2017-04-19 08:41:56,"StartTime: Wed Apr 19 08:17:55 2017","comp_agedat_mkt0_aggregated_across_time.png",".",".","./comp_agedat_mkt0_aggregated_across_time.png"
"comp_agedat_mkt2_aggregated_across_time.png","age comp data, retained, aggregated across time by fleet","CompDat",2017-04-19 08:41:56,"StartTime: Wed Apr 19 08:17:55 2017","comp_agedat_mkt2_aggregated_across_time.png",".",".","./comp_agedat_mkt2_aggregated_across_time.png"
"comp_agedat_sex2mkt0_multi-fleet_comparison.png","Note: this plot doesn't seem to be working right for some models.<br><br> age comp data, female, whole catch, comparing across fleets","CompDat",2017-04-19 08:41:56,"StartTime: Wed Apr 19 08:17:55 2017","comp_agedat_sex2mkt0_multi-fleet_comparison.png",".",".","./comp_agedat_sex2mkt0_multi-fleet_comparison.png"
"comp_agedat_sex2mkt2_multi-fleet_comparison.png","Note: this plot doesn't seem to be working right for some models.<br><br> age comp data, female, retained, comparing across fleets","CompDat",2017-04-19 08:41:56,"StartTime: Wed Apr 19 08:17:55 2017","comp_agedat_sex2mkt2_multi-fleet_comparison.png",".",".","./comp_agedat_sex2mkt2_multi-fleet_comparison.png"
"comp_agedat_sex3mkt0_multi-fleet_comparison.png","Note: this plot doesn't seem to be working right for some models.<br><br> age comp data, male, whole catch, comparing across fleets","CompDat",2017-04-19 08:41:56,"StartTime: Wed Apr 19 08:17:55 2017","comp_agedat_sex3mkt0_multi-fleet_comparison.png",".",".","./comp_agedat_sex3mkt0_multi-fleet_comparison.png"
"comp_agedat_sex3mkt2_multi-fleet_comparison.png","Note: this plot doesn't seem to be working right for some models.<br><br> age comp data, male, retained, comparing across fleets","CompDat",2017-04-19 08:41:56,"StartTime: Wed Apr 19 08:17:55 2017","comp_agedat_sex3mkt2_multi-fleet_comparison.png",".",".","./comp_agedat_sex3mkt2_multi-fleet_comparison.png"
"comp_condAALdat_bubflt8mkt0_page1.png","conditional age-at-length data, whole catch, NWFSCcombo (max=0.96) (plot 1 of 2)","CompDat",2017-04-19 08:41:56,"StartTime: Wed Apr 19 08:17:55 2017","comp_condAALdat_bubflt8mkt0_page1.png",".",".","./comp_condAALdat_bubflt8mkt0_page1.png"
"comp_condAALdat_bubflt8mkt0_page2.png","conditional age-at-length data, whole catch, NWFSCcombo (max=0.96) (plot 2 of 2)","CompDat",2017-04-19 08:41:56,"StartTime: Wed Apr 19 08:17:55 2017","comp_condAALdat_bubflt8mkt0_page2.png",".",".","./comp_condAALdat_bubflt8mkt0_page2.png"
"comp_condAALdat_data_weighting_TA1.8_condAgeNWFSCcombo.png","Francis data weighting method TA1.8 for conditional age data NWFSCcombo <br>For more info, see<br> <blockquote>Francis, R.I.C.C. (2011). Data weighting in statistical fisheries stock assessment models. <i>Can. J. Fish. Aquat. Sci.</i> 68: 1124-1138.</blockquote>","CompDat",2017-04-19 08:41:56,"StartTime: Wed Apr 19 08:17:55 2017","comp_condAALdat_data_weighting_TA1.8_condAgeNWFSCcombo.png",".",".","./comp_condAALdat_data_weighting_TA1.8_condAgeNWFSCcombo.png"
"comp_condAALdat_Andre_plotsflt8mkt0_page1.png","Conditional AAL plot, whole catch, NWFSCcombo (plot 1 of 3)
These plots show mean age and std. dev. in conditional A@L.<br>Left plots are mean A@L by size-class (obs. and pred.) with 90% CIs based on adding 1.64 SE of mean to the data.<br>Right plots in each pair are SE of mean A@L (obs. and pred.) with 90% CIs based on the chi-square distribution.","CompDat",2017-04-19 08:41:56,"StartTime: Wed Apr 19 08:17:55 2017","comp_condAALdat_Andre_plotsflt8mkt0_page1.png",".",".","./comp_condAALdat_Andre_plotsflt8mkt0_page1.png"
"comp_condAALdat_Andre_plotsflt8mkt0_page2.png","Conditional AAL plot, whole catch, NWFSCcombo (plot 2 of 3)
These plots show mean age and std. dev. in conditional A@L.<br>Left plots are mean A@L by size-class (obs. and pred.) with 90% CIs based on adding 1.64 SE of mean to the data.<br>Right plots in each pair are SE of mean A@L (obs. and pred.) with 90% CIs based on the chi-square distribution.","CompDat",2017-04-19 08:41:56,"StartTime: Wed Apr 19 08:17:55 2017","comp_condAALdat_Andre_plotsflt8mkt0_page2.png",".",".","./comp_condAALdat_Andre_plotsflt8mkt0_page2.png"
"comp_condAALdat_Andre_plotsflt8mkt0_page3.png","Conditional AAL plot, whole catch, NWFSCcombo (plot 3 of 3)
These plots show mean age and std. dev. in conditional A@L.<br>Left plots are mean A@L by size-class (obs. and pred.) with 90% CIs based on adding 1.64 SE of mean to the data.<br>Right plots in each pair are SE of mean A@L (obs. and pred.) with 90% CIs based on the chi-square distribution.","CompDat",2017-04-19 08:41:56,"StartTime: Wed Apr 19 08:17:55 2017","comp_condAALdat_Andre_plotsflt8mkt0_page3.png",".",".","./comp_condAALdat_Andre_plotsflt8mkt0_page3.png"
"comp_lenfit_flt1mkt1.png","length comps, discard, Fishery","LenComp",2017-04-19 08:41:56,"StartTime: Wed Apr 19 08:17:55 2017","comp_lenfit_flt1mkt1.png",".",".","./comp_lenfit_flt1mkt1.png"
"comp_lenfit_residsflt1mkt1.png","Pearson residuals, discard, Fishery (max=4.71) <br> 
Closed bubbles are positive residuals (observed > expected) and open bubbles are negative residuals (observed < expected).","LenComp",2017-04-19 08:41:56,"StartTime: Wed Apr 19 08:17:55 2017","comp_lenfit_residsflt1mkt1.png",".",".","./comp_lenfit_residsflt1mkt1.png"
"comp_lenfit_sampsize_flt1mkt1.png","N-EffN comparison, length comps, discard, Fishery","LenComp",2017-04-19 08:41:56,"StartTime: Wed Apr 19 08:17:55 2017","comp_lenfit_sampsize_flt1mkt1.png",".",".","./comp_lenfit_sampsize_flt1mkt1.png"
"comp_lenfit_data_weighting_TA1.8_Fishery.png","Francis data weighting method TA1.8 Fishery <br> Suggested sample size adjustment (with 95% interval) for len data from Fishery:<br>0.8226 (0.5493-1.5482)","LenComp",2017-04-19 08:41:56,"StartTime: Wed Apr 19 08:17:55 2017","comp_lenfit_data_weighting_TA1.8_Fishery.png",".",".","./comp_lenfit_data_weighting_TA1.8_Fishery.png"
"comp_lenfit_flt1mkt2_page1.png","length comps, retained, Fishery (plot 1 of 2)","LenComp",2017-04-19 08:41:56,"StartTime: Wed Apr 19 08:17:55 2017","comp_lenfit_flt1mkt2_page1.png",".",".","./comp_lenfit_flt1mkt2_page1.png"
"comp_lenfit_flt1mkt2_page2.png","length comps, retained, Fishery (plot 2 of 2)","LenComp",2017-04-19 08:41:56,"StartTime: Wed Apr 19 08:17:55 2017","comp_lenfit_flt1mkt2_page2.png",".",".","./comp_lenfit_flt1mkt2_page2.png"
"comp_lenfit_residsflt1mkt2_page2.png","Pearson residuals, retained, Fishery (max=4.3) (plot 2 of 2) <br> 
Closed bubbles are positive residuals (observed > expected) and open bubbles are negative residuals (observed < expected).","LenComp",2017-04-19 08:41:56,"StartTime: Wed Apr 19 08:17:55 2017","comp_lenfit_residsflt1mkt2_page2.png",".",".","./comp_lenfit_residsflt1mkt2_page2.png"
"comp_lenfit_sampsize_flt1mkt2.png","N-EffN comparison, length comps, retained, Fishery","LenComp",2017-04-19 08:41:56,"StartTime: Wed Apr 19 08:17:55 2017","comp_lenfit_sampsize_flt1mkt2.png",".",".","./comp_lenfit_sampsize_flt1mkt2.png"
"comp_lenfit_data_weighting_TA1.8_Fishery.png","Francis data weighting method TA1.8 Fishery <br> Suggested sample size adjustment (with 95% interval) for len data from Fishery:<br>0.8226 (0.5365-1.5651)","LenComp",2017-04-19 08:41:56,"StartTime: Wed Apr 19 08:17:55 2017","comp_lenfit_data_weighting_TA1.8_Fishery.png",".",".","./comp_lenfit_data_weighting_TA1.8_Fishery.png"
"comp_lenfit_flt2mkt0.png","length comps, whole catch, ASHOP","LenComp",2017-04-19 08:41:56,"StartTime: Wed Apr 19 08:17:55 2017","comp_lenfit_flt2mkt0.png",".",".","./comp_lenfit_flt2mkt0.png"
"comp_lenfit_residsflt2mkt0.png","Pearson residuals, whole catch, ASHOP (max=4.78) <br> 
Closed bubbles are positive residuals (observed > expected) and open bubbles are negative residuals (observed < expected).","LenComp",2017-04-19 08:41:56,"StartTime: Wed Apr 19 08:17:55 2017","comp_lenfit_residsflt2mkt0.png",".",".","./comp_lenfit_residsflt2mkt0.png"
"comp_lenfit_sampsize_flt2mkt0.png","N-EffN comparison, length comps, whole catch, ASHOP","LenComp",2017-04-19 08:41:56,"StartTime: Wed Apr 19 08:17:55 2017","comp_lenfit_sampsize_flt2mkt0.png",".",".","./comp_lenfit_sampsize_flt2mkt0.png"
"comp_lenfit_data_weighting_TA1.8_ASHOP.png","Francis data weighting method TA1.8 ASHOP <br> Suggested sample size adjustment (with 95% interval) for len data from ASHOP:<br>0.7174 (0.4623-1.7788)","LenComp",2017-04-19 08:41:56,"StartTime: Wed Apr 19 08:17:55 2017","comp_lenfit_data_weighting_TA1.8_ASHOP.png",".",".","./comp_lenfit_data_weighting_TA1.8_ASHOP.png"
"comp_lenfit_flt4mkt0.png","length comps, whole catch, POP","LenComp",2017-04-19 08:41:56,"StartTime: Wed Apr 19 08:17:55 2017","comp_lenfit_flt4mkt0.png",".",".","./comp_lenfit_flt4mkt0.png"
"comp_lenfit_residsflt4mkt0.png","Pearson residuals, whole catch, POP (max=1.69) <br> 
Closed bubbles are positive residuals (observed > expected) and open bubbles are negative residuals (observed < expected).","LenComp",2017-04-19 08:41:56,"StartTime: Wed Apr 19 08:17:55 2017","comp_lenfit_residsflt4mkt0.png",".",".","./comp_lenfit_residsflt4mkt0.png"
"comp_lenfit_sampsize_flt4mkt0.png","N-EffN comparison, length comps, whole catch, POP","LenComp",2017-04-19 08:41:56,"StartTime: Wed Apr 19 08:17:55 2017","comp_lenfit_sampsize_flt4mkt0.png",".",".","./comp_lenfit_sampsize_flt4mkt0.png"
"comp_lenfit_data_weighting_TA1.8_POP.png","Francis data weighting method TA1.8 POP <br> Suggested sample size adjustment (with 95% interval) for len data from POP:<br>10.9217 (10.9217-Inf)","LenComp",2017-04-19 08:41:56,"StartTime: Wed Apr 19 08:17:55 2017","comp_lenfit_data_weighting_TA1.8_POP.png",".",".","./comp_lenfit_data_weighting_TA1.8_POP.png"
"comp_lenfit_flt5mkt0.png","length comps, whole catch, Triennial","LenComp",2017-04-19 08:41:56,"StartTime: Wed Apr 19 08:17:55 2017","comp_lenfit_flt5mkt0.png",".",".","./comp_lenfit_flt5mkt0.png"
"comp_lenfit_residsflt5mkt0.png","Pearson residuals, whole catch, Triennial (max=2.4) <br> 
Closed bubbles are positive residuals (observed > expected) and open bubbles are negative residuals (observed < expected).","LenComp",2017-04-19 08:41:56,"StartTime: Wed Apr 19 08:17:55 2017","comp_lenfit_residsflt5mkt0.png",".",".","./comp_lenfit_residsflt5mkt0.png"
"comp_lenfit_sampsize_flt5mkt0.png","N-EffN comparison, length comps, whole catch, Triennial","LenComp",2017-04-19 08:41:56,"StartTime: Wed Apr 19 08:17:55 2017","comp_lenfit_sampsize_flt5mkt0.png",".",".","./comp_lenfit_sampsize_flt5mkt0.png"
"comp_lenfit_data_weighting_TA1.8_Triennial.png","Francis data weighting method TA1.8 Triennial <br> Suggested sample size adjustment (with 95% interval) for len data from Triennial:<br>0.7386 (0.4088-5.6825)","LenComp",2017-04-19 08:41:56,"StartTime: Wed Apr 19 08:17:55 2017","comp_lenfit_data_weighting_TA1.8_Triennial.png",".",".","./comp_lenfit_data_weighting_TA1.8_Triennial.png"
"comp_lenfit_flt6mkt0.png","length comps, whole catch, AFSCSlope","LenComp",2017-04-19 08:41:56,"StartTime: Wed Apr 19 08:17:55 2017","comp_lenfit_flt6mkt0.png",".",".","./comp_lenfit_flt6mkt0.png"
"comp_lenfit_residsflt6mkt0.png","Pearson residuals, whole catch, AFSCSlope (max=3.4) <br> 
Closed bubbles are positive residuals (observed > expected) and open bubbles are negative residuals (observed < expected).","LenComp",2017-04-19 08:41:56,"StartTime: Wed Apr 19 08:17:55 2017","comp_lenfit_residsflt6mkt0.png",".",".","./comp_lenfit_residsflt6mkt0.png"
"comp_lenfit_sampsize_flt6mkt0.png","N-EffN comparison, length comps, whole catch, AFSCSlope","LenComp",2017-04-19 08:41:56,"StartTime: Wed Apr 19 08:17:55 2017","comp_lenfit_sampsize_flt6mkt0.png",".",".","./comp_lenfit_sampsize_flt6mkt0.png"
"comp_lenfit_data_weighting_TA1.8_AFSCSlope.png","Francis data weighting method TA1.8 AFSCSlope <br> Suggested sample size adjustment (with 95% interval) for len data from AFSCSlope:<br>0.8621 (0.6129-72.2553)","LenComp",2017-04-19 08:41:56,"StartTime: Wed Apr 19 08:17:55 2017","comp_lenfit_data_weighting_TA1.8_AFSCSlope.png",".",".","./comp_lenfit_data_weighting_TA1.8_AFSCSlope.png"
"comp_lenfit_flt7mkt0.png","length comps, whole catch, NWFSCSlope","LenComp",2017-04-19 08:41:56,"StartTime: Wed Apr 19 08:17:55 2017","comp_lenfit_flt7mkt0.png",".",".","./comp_lenfit_flt7mkt0.png"
"comp_lenfit_residsflt7mkt0.png","Pearson residuals, whole catch, NWFSCSlope (max=3.62) <br> 
Closed bubbles are positive residuals (observed > expected) and open bubbles are negative residuals (observed < expected).","LenComp",2017-04-19 08:41:56,"StartTime: Wed Apr 19 08:17:55 2017","comp_lenfit_residsflt7mkt0.png",".",".","./comp_lenfit_residsflt7mkt0.png"
"comp_lenfit_sampsize_flt7mkt0.png","N-EffN comparison, length comps, whole catch, NWFSCSlope","LenComp",2017-04-19 08:41:56,"StartTime: Wed Apr 19 08:17:55 2017","comp_lenfit_sampsize_flt7mkt0.png",".",".","./comp_lenfit_sampsize_flt7mkt0.png"
"comp_lenfit_data_weighting_TA1.8_NWFSCSlope.png","Francis data weighting method TA1.8 NWFSCSlope <br> Suggested sample size adjustment (with 95% interval) for len data from NWFSCSlope:<br>0.9478 (0.9478-Inf)","LenComp",2017-04-19 08:41:56,"StartTime: Wed Apr 19 08:17:55 2017","comp_lenfit_data_weighting_TA1.8_NWFSCSlope.png",".",".","./comp_lenfit_data_weighting_TA1.8_NWFSCSlope.png"
"comp_lenfit_flt8mkt0.png","length comps, whole catch, NWFSCcombo","LenComp",2017-04-19 08:41:56,"StartTime: Wed Apr 19 08:17:55 2017","comp_lenfit_flt8mkt0.png",".",".","./comp_lenfit_flt8mkt0.png"
"comp_lenfit_residsflt8mkt0.png","Pearson residuals, whole catch, NWFSCcombo (max=6.31) <br> 
Closed bubbles are positive residuals (observed > expected) and open bubbles are negative residuals (observed < expected).","LenComp",2017-04-19 08:41:56,"StartTime: Wed Apr 19 08:17:55 2017","comp_lenfit_residsflt8mkt0.png",".",".","./comp_lenfit_residsflt8mkt0.png"
"comp_lenfit_sampsize_flt8mkt0.png","N-EffN comparison, length comps, whole catch, NWFSCcombo","LenComp",2017-04-19 08:41:56,"StartTime: Wed Apr 19 08:17:55 2017","comp_lenfit_sampsize_flt8mkt0.png",".",".","./comp_lenfit_sampsize_flt8mkt0.png"
"comp_lenfit_data_weighting_TA1.8_NWFSCcombo.png","Francis data weighting method TA1.8 NWFSCcombo <br> Suggested sample size adjustment (with 95% interval) for len data from NWFSCcombo:<br>0.707 (0.4214-3.4786)","LenComp",2017-04-19 08:41:56,"StartTime: Wed Apr 19 08:17:55 2017","comp_lenfit_data_weighting_TA1.8_NWFSCcombo.png",".",".","./comp_lenfit_data_weighting_TA1.8_NWFSCcombo.png"
"comp_lenfit_mkt1_aggregated_across_time.png","length comps, discard, aggregated across time by fleet","LenComp",2017-04-19 08:41:56,"StartTime: Wed Apr 19 08:17:55 2017","comp_lenfit_mkt1_aggregated_across_time.png",".",".","./comp_lenfit_mkt1_aggregated_across_time.png"
"comp_lenfit_mkt2_aggregated_across_time.png","length comps, retained, aggregated across time by fleet","LenComp",2017-04-19 08:41:56,"StartTime: Wed Apr 19 08:17:55 2017","comp_lenfit_mkt2_aggregated_across_time.png",".",".","./comp_lenfit_mkt2_aggregated_across_time.png"
"comp_lenfit_mkt0_aggregated_across_time.png","length comps, whole catch, aggregated across time by fleet","LenComp",2017-04-19 08:41:56,"StartTime: Wed Apr 19 08:17:55 2017","comp_lenfit_mkt0_aggregated_across_time.png",".",".","./comp_lenfit_mkt0_aggregated_across_time.png"
"comp_lenfit_sex1mkt1_multi-fleet_comparison.png","Note: this plot doesn't seem to be working right for some models.<br><br> Pearson residuals, sexes combined, discard, comparing across fleets <br> 
Closed bubbles are positive residuals (observed > expected) and open bubbles are negative residuals (observed < expected).","LenComp",2017-04-19 08:41:56,"StartTime: Wed Apr 19 08:17:55 2017","comp_lenfit_sex1mkt1_multi-fleet_comparison.png",".",".","./comp_lenfit_sex1mkt1_multi-fleet_comparison.png"
"comp_lenfit_sex1mkt0_multi-fleet_comparison.png","Note: this plot doesn't seem to be working right for some models.<br><br> Pearson residuals, sexes combined, whole catch, comparing across fleets <br> 
Closed bubbles are positive residuals (observed > expected) and open bubbles are negative residuals (observed < expected).","LenComp",2017-04-19 08:41:56,"StartTime: Wed Apr 19 08:17:55 2017","comp_lenfit_sex1mkt0_multi-fleet_comparison.png",".",".","./comp_lenfit_sex1mkt0_multi-fleet_comparison.png"
"comp_lenfit_sex2mkt1_multi-fleet_comparison.png","Note: this plot doesn't seem to be working right for some models.<br><br> Pearson residuals, female, discard, comparing across fleets <br> 
Closed bubbles are positive residuals (observed > expected) and open bubbles are negative residuals (observed < expected).","LenComp",2017-04-19 08:41:56,"StartTime: Wed Apr 19 08:17:55 2017","comp_lenfit_sex2mkt1_multi-fleet_comparison.png",".",".","./comp_lenfit_sex2mkt1_multi-fleet_comparison.png"
"comp_lenfit_sex2mkt2_multi-fleet_comparison.png","Note: this plot doesn't seem to be working right for some models.<br><br> Pearson residuals, female, retained, comparing across fleets <br> 
Closed bubbles are positive residuals (observed > expected) and open bubbles are negative residuals (observed < expected).","LenComp",2017-04-19 08:41:56,"StartTime: Wed Apr 19 08:17:55 2017","comp_lenfit_sex2mkt2_multi-fleet_comparison.png",".",".","./comp_lenfit_sex2mkt2_multi-fleet_comparison.png"
"comp_lenfit_sex2mkt0_multi-fleet_comparison.png","Note: this plot doesn't seem to be working right for some models.<br><br> Pearson residuals, female, whole catch, comparing across fleets <br> 
Closed bubbles are positive residuals (observed > expected) and open bubbles are negative residuals (observed < expected).","LenComp",2017-04-19 08:41:56,"StartTime: Wed Apr 19 08:17:55 2017","comp_lenfit_sex2mkt0_multi-fleet_comparison.png",".",".","./comp_lenfit_sex2mkt0_multi-fleet_comparison.png"
"comp_lenfit_sex3mkt1_multi-fleet_comparison.png","Note: this plot doesn't seem to be working right for some models.<br><br> Pearson residuals, male, discard, comparing across fleets <br> 
Closed bubbles are positive residuals (observed > expected) and open bubbles are negative residuals (observed < expected).","LenComp",2017-04-19 08:41:56,"StartTime: Wed Apr 19 08:17:55 2017","comp_lenfit_sex3mkt1_multi-fleet_comparison.png",".",".","./comp_lenfit_sex3mkt1_multi-fleet_comparison.png"
"comp_lenfit_sex3mkt2_multi-fleet_comparison.png","Note: this plot doesn't seem to be working right for some models.<br><br> Pearson residuals, male, retained, comparing across fleets <br> 
Closed bubbles are positive residuals (observed > expected) and open bubbles are negative residuals (observed < expected).","LenComp",2017-04-19 08:41:56,"StartTime: Wed Apr 19 08:17:55 2017","comp_lenfit_sex3mkt2_multi-fleet_comparison.png",".",".","./comp_lenfit_sex3mkt2_multi-fleet_comparison.png"
"comp_lenfit_sex3mkt0_multi-fleet_comparison.png","Note: this plot doesn't seem to be working right for some models.<br><br> Pearson residuals, male, whole catch, comparing across fleets <br> 
Closed bubbles are positive residuals (observed > expected) and open bubbles are negative residuals (observed < expected).","LenComp",2017-04-19 08:41:56,"StartTime: Wed Apr 19 08:17:55 2017","comp_lenfit_sex3mkt0_multi-fleet_comparison.png",".",".","./comp_lenfit_sex3mkt0_multi-fleet_comparison.png"
"comp_gstlenfit_flt2mkt0.png","ghost length comps, whole catch, ASHOP","LenComp",2017-04-19 08:41:56,"StartTime: Wed Apr 19 08:17:55 2017","comp_gstlenfit_flt2mkt0.png",".",".","./comp_gstlenfit_flt2mkt0.png"
"comp_gstlenfit_residsflt2mkt0.png","Pearson residuals, whole catch, ASHOP (max=NA) <br> 
Closed bubbles are positive residuals (observed > expected) and open bubbles are negative residuals (observed < expected).","LenComp",2017-04-19 08:41:56,"StartTime: Wed Apr 19 08:17:55 2017","comp_gstlenfit_residsflt2mkt0.png",".",".","./comp_gstlenfit_residsflt2mkt0.png"
"comp_gstlenfit_flt5mkt0.png","ghost length comps, whole catch, Triennial","LenComp",2017-04-19 08:41:56,"StartTime: Wed Apr 19 08:17:55 2017","comp_gstlenfit_flt5mkt0.png",".",".","./comp_gstlenfit_flt5mkt0.png"
"comp_gstlenfit_residsflt5mkt0.png","Pearson residuals, whole catch, Triennial (max=NA) <br> 
Closed bubbles are positive residuals (observed > expected) and open bubbles are negative residuals (observed < expected).","LenComp",2017-04-19 08:41:56,"StartTime: Wed Apr 19 08:17:55 2017","comp_gstlenfit_residsflt5mkt0.png",".",".","./comp_gstlenfit_residsflt5mkt0.png"
"comp_gstlenfit_flt6mkt0.png","ghost length comps, whole catch, AFSCSlope","LenComp",2017-04-19 08:41:56,"StartTime: Wed Apr 19 08:17:55 2017","comp_gstlenfit_flt6mkt0.png",".",".","./comp_gstlenfit_flt6mkt0.png"
"comp_gstlenfit_residsflt6mkt0.png","Pearson residuals, whole catch, AFSCSlope (max=NA) <br> 
Closed bubbles are positive residuals (observed > expected) and open bubbles are negative residuals (observed < expected).","LenComp",2017-04-19 08:41:56,"StartTime: Wed Apr 19 08:17:55 2017","comp_gstlenfit_residsflt6mkt0.png",".",".","./comp_gstlenfit_residsflt6mkt0.png"
"comp_agefit_flt1mkt0.png","age comps, whole catch, Fishery","AgeComp",2017-04-19 08:41:56,"StartTime: Wed Apr 19 08:17:55 2017","comp_agefit_flt1mkt0.png",".",".","./comp_agefit_flt1mkt0.png"
"comp_agefit_residsflt1mkt0.png","Pearson residuals, whole catch, Fishery (max=8.36) <br> 
Closed bubbles are positive residuals (observed > expected) and open bubbles are negative residuals (observed < expected).","AgeComp",2017-04-19 08:41:56,"StartTime: Wed Apr 19 08:17:55 2017","comp_agefit_residsflt1mkt0.png",".",".","./comp_agefit_residsflt1mkt0.png"
"comp_agefit_sampsize_flt1mkt0.png","N-EffN comparison, age comps, whole catch, Fishery","AgeComp",2017-04-19 08:41:56,"StartTime: Wed Apr 19 08:17:55 2017","comp_agefit_sampsize_flt1mkt0.png",".",".","./comp_agefit_sampsize_flt1mkt0.png"
"comp_agefit_data_weighting_TA1.8_Fishery.png","Francis data weighting method TA1.8 Fishery <br> Suggested sample size adjustment (with 95% interval) for age data from Fishery:<br>1.0816 (0.7306-2.2186)","AgeComp",2017-04-19 08:41:56,"StartTime: Wed Apr 19 08:17:55 2017","comp_agefit_data_weighting_TA1.8_Fishery.png",".",".","./comp_agefit_data_weighting_TA1.8_Fishery.png"
"comp_agefit_flt2mkt0.png","age comps, whole catch, ASHOP","AgeComp",2017-04-19 08:41:56,"StartTime: Wed Apr 19 08:17:55 2017","comp_agefit_flt2mkt0.png",".",".","./comp_agefit_flt2mkt0.png"
"comp_agefit_residsflt2mkt0.png","Pearson residuals, whole catch, ASHOP (max=4.95) <br> 
Closed bubbles are positive residuals (observed > expected) and open bubbles are negative residuals (observed < expected).","AgeComp",2017-04-19 08:41:56,"StartTime: Wed Apr 19 08:17:55 2017","comp_agefit_residsflt2mkt0.png",".",".","./comp_agefit_residsflt2mkt0.png"
"comp_agefit_sampsize_flt2mkt0.png","N-EffN comparison, age comps, whole catch, ASHOP","AgeComp",2017-04-19 08:41:56,"StartTime: Wed Apr 19 08:17:55 2017","comp_agefit_sampsize_flt2mkt0.png",".",".","./comp_agefit_sampsize_flt2mkt0.png"
"comp_agefit_data_weighting_TA1.8_ASHOP.png","Francis data weighting method TA1.8 ASHOP <br> Suggested sample size adjustment (with 95% interval) for age data from ASHOP:<br>1.0207 (0.6038-6.3623)","AgeComp",2017-04-19 08:41:56,"StartTime: Wed Apr 19 08:17:55 2017","comp_agefit_data_weighting_TA1.8_ASHOP.png",".",".","./comp_agefit_data_weighting_TA1.8_ASHOP.png"
"comp_agefit_flt4mkt2.png","age comps, retained, POP","AgeComp",2017-04-19 08:41:56,"StartTime: Wed Apr 19 08:17:55 2017","comp_agefit_flt4mkt2.png",".",".","./comp_agefit_flt4mkt2.png"
"comp_agefit_residsflt4mkt2.png","Pearson residuals, retained, POP (max=2.97) <br> 
Closed bubbles are positive residuals (observed > expected) and open bubbles are negative residuals (observed < expected).","AgeComp",2017-04-19 08:41:56,"StartTime: Wed Apr 19 08:17:55 2017","comp_agefit_residsflt4mkt2.png",".",".","./comp_agefit_residsflt4mkt2.png"
"comp_agefit_sampsize_flt4mkt2.png","N-EffN comparison, age comps, retained, POP","AgeComp",2017-04-19 08:41:56,"StartTime: Wed Apr 19 08:17:55 2017","comp_agefit_sampsize_flt4mkt2.png",".",".","./comp_agefit_sampsize_flt4mkt2.png"
"comp_agefit_data_weighting_TA1.8_POP.png","Francis data weighting method TA1.8 POP <br> Too few points to calculate adjustments","AgeComp",2017-04-19 08:41:56,"StartTime: Wed Apr 19 08:17:55 2017","comp_agefit_data_weighting_TA1.8_POP.png",".",".","./comp_agefit_data_weighting_TA1.8_POP.png"
"comp_agefit_flt5mkt0.png","age comps, whole catch, Triennial","AgeComp",2017-04-19 08:41:56,"StartTime: Wed Apr 19 08:17:55 2017","comp_agefit_flt5mkt0.png",".",".","./comp_agefit_flt5mkt0.png"
"comp_agefit_residsflt5mkt0.png","Pearson residuals, whole catch, Triennial (max=4.03) <br> 
Closed bubbles are positive residuals (observed > expected) and open bubbles are negative residuals (observed < expected).","AgeComp",2017-04-19 08:41:56,"StartTime: Wed Apr 19 08:17:55 2017","comp_agefit_residsflt5mkt0.png",".",".","./comp_agefit_residsflt5mkt0.png"
"comp_agefit_sampsize_flt5mkt0.png","N-EffN comparison, age comps, whole catch, Triennial","AgeComp",2017-04-19 08:41:56,"StartTime: Wed Apr 19 08:17:55 2017","comp_agefit_sampsize_flt5mkt0.png",".",".","./comp_agefit_sampsize_flt5mkt0.png"
"comp_agefit_data_weighting_TA1.8_Triennial.png","Francis data weighting method TA1.8 Triennial <br> Suggested sample size adjustment (with 95% interval) for age data from Triennial:<br>0.8344 (0.5734-3.6662)","AgeComp",2017-04-19 08:41:56,"StartTime: Wed Apr 19 08:17:55 2017","comp_agefit_data_weighting_TA1.8_Triennial.png",".",".","./comp_agefit_data_weighting_TA1.8_Triennial.png"
"comp_agefit_flt7mkt0.png","age comps, whole catch, NWFSCSlope","AgeComp",2017-04-19 08:41:56,"StartTime: Wed Apr 19 08:17:55 2017","comp_agefit_flt7mkt0.png",".",".","./comp_agefit_flt7mkt0.png"
"comp_agefit_residsflt7mkt0.png","Pearson residuals, whole catch, NWFSCSlope (max=2.44) <br> 
Closed bubbles are positive residuals (observed > expected) and open bubbles are negative residuals (observed < expected).","AgeComp",2017-04-19 08:41:56,"StartTime: Wed Apr 19 08:17:55 2017","comp_agefit_residsflt7mkt0.png",".",".","./comp_agefit_residsflt7mkt0.png"
"comp_agefit_sampsize_flt7mkt0.png","N-EffN comparison, age comps, whole catch, NWFSCSlope","AgeComp",2017-04-19 08:41:56,"StartTime: Wed Apr 19 08:17:55 2017","comp_agefit_sampsize_flt7mkt0.png",".",".","./comp_agefit_sampsize_flt7mkt0.png"
"comp_agefit_data_weighting_TA1.8_NWFSCSlope.png","Francis data weighting method TA1.8 NWFSCSlope <br> Suggested sample size adjustment (with 95% interval) for age data from NWFSCSlope:<br>0.9158 (0.9158-Inf)","AgeComp",2017-04-19 08:41:56,"StartTime: Wed Apr 19 08:17:55 2017","comp_agefit_data_weighting_TA1.8_NWFSCSlope.png",".",".","./comp_agefit_data_weighting_TA1.8_NWFSCSlope.png"
"comp_agefit_mkt0_aggregated_across_time.png","age comps, whole catch, aggregated across time by fleet","AgeComp",2017-04-19 08:41:56,"StartTime: Wed Apr 19 08:17:55 2017","comp_agefit_mkt0_aggregated_across_time.png",".",".","./comp_agefit_mkt0_aggregated_across_time.png"
"comp_agefit_mkt2_aggregated_across_time.png","age comps, retained, aggregated across time by fleet","AgeComp",2017-04-19 08:41:56,"StartTime: Wed Apr 19 08:17:55 2017","comp_agefit_mkt2_aggregated_across_time.png",".",".","./comp_agefit_mkt2_aggregated_across_time.png"
"comp_agefit_sex2mkt0_multi-fleet_comparison.png","Note: this plot doesn't seem to be working right for some models.<br><br> Pearson residuals, female, whole catch, comparing across fleets <br> 
Closed bubbles are positive residuals (observed > expected) and open bubbles are negative residuals (observed < expected).","AgeComp",2017-04-19 08:41:56,"StartTime: Wed Apr 19 08:17:55 2017","comp_agefit_sex2mkt0_multi-fleet_comparison.png",".",".","./comp_agefit_sex2mkt0_multi-fleet_comparison.png"
"comp_agefit_sex2mkt2_multi-fleet_comparison.png","Note: this plot doesn't seem to be working right for some models.<br><br> Pearson residuals, female, retained, comparing across fleets <br> 
Closed bubbles are positive residuals (observed > expected) and open bubbles are negative residuals (observed < expected).","AgeComp",2017-04-19 08:41:56,"StartTime: Wed Apr 19 08:17:55 2017","comp_agefit_sex2mkt2_multi-fleet_comparison.png",".",".","./comp_agefit_sex2mkt2_multi-fleet_comparison.png"
"comp_agefit_sex3mkt0_multi-fleet_comparison.png","Note: this plot doesn't seem to be working right for some models.<br><br> Pearson residuals, male, whole catch, comparing across fleets <br> 
Closed bubbles are positive residuals (observed > expected) and open bubbles are negative residuals (observed < expected).","AgeComp",2017-04-19 08:41:56,"StartTime: Wed Apr 19 08:17:55 2017","comp_agefit_sex3mkt0_multi-fleet_comparison.png",".",".","./comp_agefit_sex3mkt0_multi-fleet_comparison.png"
"comp_agefit_sex3mkt2_multi-fleet_comparison.png","Note: this plot doesn't seem to be working right for some models.<br><br> Pearson residuals, male, retained, comparing across fleets <br> 
Closed bubbles are positive residuals (observed > expected) and open bubbles are negative residuals (observed < expected).","AgeComp",2017-04-19 08:41:56,"StartTime: Wed Apr 19 08:17:55 2017","comp_agefit_sex3mkt2_multi-fleet_comparison.png",".",".","./comp_agefit_sex3mkt2_multi-fleet_comparison.png"
"comp_condAALfit_residsflt8mkt0_page1.png","Pearson residuals, whole catch, NWFSCcombo (max=28.69) (plot 1 of 2)","A@LComp",2017-04-19 08:41:56,"StartTime: Wed Apr 19 08:17:55 2017","comp_condAALfit_residsflt8mkt0_page1.png",".",".","./comp_condAALfit_residsflt8mkt0_page1.png"
"comp_condAALfit_residsflt8mkt0_page2.png","Pearson residuals, whole catch, NWFSCcombo (max=28.69) (plot 2 of 2)","A@LComp",2017-04-19 08:41:56,"StartTime: Wed Apr 19 08:17:55 2017","comp_condAALfit_residsflt8mkt0_page2.png",".",".","./comp_condAALfit_residsflt8mkt0_page2.png"
"comp_condAALfit_data_weighting_TA1.8_condAgeNWFSCcombo.png","Francis data weighting method TA1.8 for conditional age data NWFSCcombo <br>For more info, see<br> <blockquote>Francis, R.I.C.C. (2011). Data weighting in statistical fisheries stock assessment models. <i>Can. J. Fish. Aquat. Sci.</i> 68: 1124-1138.</blockquote>","A@LComp",2017-04-19 08:41:56,"StartTime: Wed Apr 19 08:17:55 2017","comp_condAALfit_data_weighting_TA1.8_condAgeNWFSCcombo.png",".",".","./comp_condAALfit_data_weighting_TA1.8_condAgeNWFSCcombo.png"
"comp_condAALfit_Andre_plotsflt8mkt0_page1.png","Conditional AAL plot, whole catch, NWFSCcombo (plot 1 of 3)
These plots show mean age and std. dev. in conditional A@L.<br>Left plots are mean A@L by size-class (obs. and pred.) with 90% CIs based on adding 1.64 SE of mean to the data.<br>Right plots in each pair are SE of mean A@L (obs. and pred.) with 90% CIs based on the chi-square distribution.","A@LComp",2017-04-19 08:41:56,"StartTime: Wed Apr 19 08:17:55 2017","comp_condAALfit_Andre_plotsflt8mkt0_page1.png",".",".","./comp_condAALfit_Andre_plotsflt8mkt0_page1.png"
"comp_condAALfit_Andre_plotsflt8mkt0_page2.png","Conditional AAL plot, whole catch, NWFSCcombo (plot 2 of 3)
These plots show mean age and std. dev. in conditional A@L.<br>Left plots are mean A@L by size-class (obs. and pred.) with 90% CIs based on adding 1.64 SE of mean to the data.<br>Right plots in each pair are SE of mean A@L (obs. and pred.) with 90% CIs based on the chi-square distribution.","A@LComp",2017-04-19 08:41:56,"StartTime: Wed Apr 19 08:17:55 2017","comp_condAALfit_Andre_plotsflt8mkt0_page2.png",".",".","./comp_condAALfit_Andre_plotsflt8mkt0_page2.png"
"comp_condAALfit_Andre_plotsflt8mkt0_page3.png","Conditional AAL plot, whole catch, NWFSCcombo (plot 3 of 3)
These plots show mean age and std. dev. in conditional A@L.<br>Left plots are mean A@L by size-class (obs. and pred.) with 90% CIs based on adding 1.64 SE of mean to the data.<br>Right plots in each pair are SE of mean A@L (obs. and pred.) with 90% CIs based on the chi-square distribution.","A@LComp",2017-04-19 08:41:56,"StartTime: Wed Apr 19 08:17:55 2017","comp_condAALfit_Andre_plotsflt8mkt0_page3.png",".",".","./comp_condAALfit_Andre_plotsflt8mkt0_page3.png"
"yield1_yield_curve.png","Yield curve","Yield",2017-04-19 08:41:56,"StartTime: Wed Apr 19 08:17:55 2017","yield1_yield_curve.png",".",".","./yield1_yield_curve.png"
"yield2_Hilborn_surplus_production.png","Surplus production plot. For interpretation, see<br> <blockquote>Walters, Hilborn, and  Christensen, 2008, Surplus production dynamics in declining and recovering fish populations. <i>Can. J. Fish. Aquat. Sci.</i> 65: 2536-2551.</blockquote>","Yield",2017-04-19 08:41:56,"StartTime: Wed Apr 19 08:17:55 2017","yield2_Hilborn_surplus_production.png",".",".","./yield2_Hilborn_surplus_production.png"
"data_plot.png","Data presence by year for each fleet","Data",2017-04-19 08:41:56,"StartTime: Wed Apr 19 08:17:55 2017","data_plot.png",".",".","./data_plot.png"
"data_plot2.png","Data presence by year for each fleet, where circle area is relative <br>  within a data type, and proportional to precision for indices and compositions, <br>  and absolute catch for catches.<br>  Note that since the circles are are scaled relative to maximum,<br>  scaling within separate plots should not be compared.","Data",2017-04-19 08:41:56,"StartTime: Wed Apr 19 08:17:55 2017","data_plot2.png",".",".","./data_plot2.png"
